dialogue_id,turn_id,id,question,gold_answer,model_answer,is_repeat,base_qid,f1_fact,factually_correct,f1_self_consistency,self_consistent,H_MC,baseline_correct,baseline_f1,baseline_emb_sim,baseline_nli_label
train_018108e3_d1,1,train_018108e3_d1_t1,The Assembly of Norfolk Island is made of how many seats?,nine,18,0,train_018108e3_d1_q1,0.0,0,,,0.915220255136398,,,,
train_0470b96a_d1,4,train_0470b96a_d1_t4,What was introduced to the diet on a molecular level that prevented the sailors from contracting the disease?,thiamine,Vitamin C,0,train_0470b96a_d1_q4,0.0,0,,,1.316101346999234,,,,
train_05f3a8c6_d1,1,train_05f3a8c6_d1_t1,In what year was the slang term from a title of a Destiny's Child song that is also used to describe Beyoncé put in the dictionary?,2006,2003,0,train_05f3a8c6_d1_q1,0.0,0,,,0.5101080500000906,,,,
train_07ce2534_d1,4,train_07ce2534_d1_t4,In what month and year did Comcast buy 49% of NBCUniversal?,March 2013,February 2011,0,train_07ce2534_d1_q4,0.0,0,,,-0.0,,,,
train_08f878b9_d1,4,train_08f878b9_d1_t4,(Reask) What pope launched the First crusade?,Urban II,Urban II,1,train_08f878b9_d1_q3,1.0,1,,,1.0032304092817121,,,,
train_094c5df8_d1,3,train_094c5df8_d1_t3,(Reask) How were the semi-finalists split up to perform in seasons two and three?,four groups of eight,"1-2, 3-4, 5-6, 7-8, 9-10, 11-12, 13-14, 15-16, 17",1,train_094c5df8_d1_q2,0.0,0,,,0.693864343862821,,,,
train_09d17f05_d1,3,train_09d17f05_d1_t3,How much money was Foxley accused of taking?,at least £3.5m,1000 pounds,0,train_09d17f05_d1_q3,0.0,0,,,-0.0,,,,
train_115d7bfa_d1,5,train_115d7bfa_d1_t5,What is the third fastest growing economy in India?,Himachal Pradesh,Kerala,0,train_115d7bfa_d1_q4,0.0,0,,,0.018631274384748365,,,,
train_150f6229_d1,3,train_150f6229_d1_t3,When was the system originally supposed to be released?,spring of 1985,1998,0,train_150f6229_d1_q3,0.0,0,,,-0.0,,,,
train_1bae594a_d1,5,train_1bae594a_d1_t5,(Reask) Apprimately since what year was the CAF stationed in Europe?,the early 1950s,1967,1,train_1bae594a_d1_q4,0.0,0,,,1.1890852345919478,,,,
train_1fa6f0e7_d1,3,train_1fa6f0e7_d1_t3,What was Tucson's population in 1940?,"36,818","27,000",0,train_1fa6f0e7_d1_q3,0.0,0,,,-0.0,,,,
train_2896ef24_d1,4,train_2896ef24_d1_t4,What is the Faraday constant?,the charge of one mole of electrons,"96,480 coulombs per mole",0,train_2896ef24_d1_q4,0.2,0,,,1.8577432583973296e-05,,,,
train_303e58c3_d1,4,train_303e58c3_d1_t4,Neo-Georgain style was common in Britain until the end of which decade?,1950s,1960s,0,train_303e58c3_d1_q4,0.0,0,,,0.6930165895121203,,,,
train_30a5ba48_d1,1,train_30a5ba48_d1_t1,What was the extent of the Sangam period?,3rd century BCE to the 4th century CE,1500 BCE - 500 BCE,0,train_30a5ba48_d1_q1,0.18181818181818182,0,,,0.357070512181078,,,,
train_3147fd59_d1,2,train_3147fd59_d1_t2,(Reask) In which Portugese region is there still visible English influence?,Oporto region,Algarve,1,train_3147fd59_d1_q1,0.0,0,,,1.4973739310591663,,,,
train_316ba665_d1,3,train_316ba665_d1_t3,What percent vertical resolution increase did Squeeze LDs feature over regular widescreen LDs?,33%,100%,0,train_316ba665_d1_q3,0.0,0,,,0.07391654172190233,,,,
train_3af342d6_d1,4,train_3af342d6_d1_t4,Who got his start with his father's mandolin? ,"Howard Armstrong,",Eric Clapton,0,train_3af342d6_d1_q4,0.0,0,,,-0.0,,,,
train_3b238e88_d1,2,train_3b238e88_d1_t2,How many official languages does Switzerland have?,four,4,0,train_3b238e88_d1_q2,0.0,0,,,2.0991552635705313,,,,
train_4b2b1707_d1,3,train_4b2b1707_d1_t3,Where does Leksandra Broz live?,Croatia,"Belgrade, Serbia",0,train_4b2b1707_d1_q3,0.0,0,,,-0.0,,,,
train_5181b6db_d1,3,train_5181b6db_d1_t3,Which spelling of Hanover is used in historical contexts?,traditional English spelling,Hanover,0,train_5181b6db_d1_q3,0.0,0,,,2.0883981085477914,,,,
train_527960d9_d1,4,train_527960d9_d1_t4,(Reask) Which party did most former slaves join when they were given the right to vote after the Civil War?,Republican,Republican Party,1,train_527960d9_d1_q1,0.6666666666666666,0,,,2.0779697915226203,,,,
train_53a0185a_d1,4,train_53a0185a_d1_t4,What country formed a political union with Libya in 1974?,Tunisia,Chad,0,train_53a0185a_d1_q4,0.0,0,,,0.07326433292759318,,,,
train_5410eb6f_d1,1,train_5410eb6f_d1_t1,What percentage of the air pollution in Hyderabad comes solely from vehicles?,20–50%,40%,0,train_5410eb6f_d1_q1,0.0,0,,,0.4378063188414629,,,,
train_54c3d347_d1,2,train_54c3d347_d1_t2,What percent decrease did audio CD sales experience?,50%,99%,0,train_54c3d347_d1_q2,0.0,0,,,-0.0,,,,
train_5746ace9_d1,4,train_5746ace9_d1_t4,What are three historic bazaars in Hyderabad?,"Laad Bazaar, Begum Bazaar and Sultan Bazaar","Charminar, Laad Bazaar, and Badshahi Bazaar.",0,train_5746ace9_d1_q4,0.4615384615384615,0,,,0.14213140217755835,,,,
train_5ae305d2_d1,1,train_5ae305d2_d1_t1,"The study of humanism among those studying math, astronomy and medicine is said to have caused what?",the scientific revolution,The Renaissance,0,train_5ae305d2_d1_q1,0.0,0,,,0.8672911750138472,,,,
train_60803445_d1,3,train_60803445_d1_t3,How many people were killed at the Charlie Hebdo attack?,thirteen,12,0,train_60803445_d1_q2,0.0,0,,,2.1247271569908173,,,,
train_623de801_d1,1,train_623de801_d1_t1,"Why is a ""this car leaving next"" sign used?",to encourage passengers to make maximum use of the available elevator system capacity,To indicate that a car is leaving the parking lot and to give other drivers time to move out of the way.,0,train_623de801_d1_q1,0.12903225806451615,0,,,0.04722481560618227,,,,
train_63307008_d1,4,train_63307008_d1_t4,"If each house of parliament is notified seperately, what regulation applies?",both houses must be notified on the same day,Single Member Notification,0,train_63307008_d1_q4,0.0,0,,,0.312234078214245,,,,
train_7604bb63_d1,3,train_7604bb63_d1_t3,What is the term for ice that protrude's from a glacier's surface?,nunataks,iceberg,0,train_7604bb63_d1_q3,0.0,0,,,1.5254819381075206,,,,
train_7c08bc7f_d1,3,train_7c08bc7f_d1_t3,What year did Dr. Rowan Williams apologize to the Freemasons?,2003,2009,0,train_7c08bc7f_d1_q3,0.0,0,,,0.6129045795463359,,,,
train_7e8b912f_d1,3,train_7e8b912f_d1_t3,What did the Personal Use License allow?,purchase and personal use by users on homebuilt computers,the use of personal computers for non-commercial purposes,0,train_7e8b912f_d1_q3,0.375,0,,,0.6668979327768079,,,,
train_7f281aad_d1,2,train_7f281aad_d1_t2,To what extent does wealth reach from affluent down to average population?,limited trickle down,"Wealth distribution varies widely by country and can be influenced by factors such as income inequality, government policies, and economic systems. In general, wealth tends to be more concentrated among the affluent and less evenly distributed among the average population. However",0,train_7f281aad_d1_q2,0.0,0,,,0.0811019960185207,,,,
train_86609ecd_d1,2,train_86609ecd_d1_t2,How many SNES units were sold in the US overall?,more than 20 million,19 million,0,train_86609ecd_d1_q2,0.3333333333333333,0,,,1.0516290018355878,,,,
train_8d5a19a8_d1,1,train_8d5a19a8_d1_t1,What is a major benefit to rabbits having a higher concentration of copper in their diet?,growth rates,it helps them fight off parasites,0,train_8d5a19a8_d1_q1,0.0,0,,,0.7287468831040429,,,,
train_8f7c1f2e_d1,4,train_8f7c1f2e_d1_t4,What other causes are there for inflammatory diarrhea?,"tuberculosis, colon cancer, and enteritis.","viral infections, parasites, food allergies, medications, stress, and irritable bowel syndrome.",0,train_8f7c1f2e_d1_q4,0.12500000000000003,0,,,0.209534070351501,,,,
train_93a60221_d1,2,train_93a60221_d1_t2,(Reask) Who was appointed satrap of Egypt after Alexander's death?,Ptolemy,Ptolemy I Soter,1,train_93a60221_d1_q1,0.5,0,,,1.3592242147812037,,,,
train_9414674f_d1,3,train_9414674f_d1_t3,What did people resort to when they needed to communicate with the government?,people had to hire scribes,Writing letters,0,train_9414674f_d1_q3,0.0,0,,,0.830383152876055,,,,
train_96c17efd_d1,1,train_96c17efd_d1_t1,Constantinople was overcome by who in 1453?,the Ottomans,Ottoman Empire,0,train_96c17efd_d1_q1,0.0,0,,,2.2247184746440283,,,,
train_987d4770_d1,2,train_987d4770_d1_t2,In what year did Everton's second successful era begin?,1961,1966,0,train_987d4770_d1_q2,0.0,0,,,-0.0,,,,
train_a162aaf0_d1,2,train_a162aaf0_d1_t2,what was the name of Blake Baxter's 1986 hit recording?,"""When we Used to Play / Work your Body""","""I Wanna Dance With Somebody""",0,train_a162aaf0_d1_q2,0.0,0,,,-0.0,,,,
train_aabd57af_d1,2,train_aabd57af_d1_t2,What is the main north-south freeway called?,Delaware Expressway,Interstate 5,0,train_aabd57af_d1_q2,0.0,0,,,1.5875067948704604,,,,
train_ab623e8e_d1,2,train_ab623e8e_d1_t2,What is Oklahoma's nickname?,The Sooner State,Sooner State,0,train_ab623e8e_d1_q2,1.0,1,,,2.20997728175089,,,,
train_b1cc00de_d2,4,train_b1cc00de_d2_t4,Why does Congress give generalized powers to federal agencies?,too gridlocked to draft detailed statutes that explain how the agency should react to every possible situation,to enable them to carry out their functions effectively,0,train_b1cc00de_d2_q4,0.08,0,,,0.9562078829749431,,,,
train_b7f0292a_d1,3,train_b7f0292a_d1_t3,What caused the start of the Korean War?,North Korea invaded South Korea,North Korea's invasion of South Korea,0,train_b7f0292a_d1_q3,0.5454545454545454,0,,,1.485748580119059,,,,
train_bd456bcf_d1,2,train_bd456bcf_d1_t2,What was the name of the fisherman in lore that saw a vision of Saint Peter near the Abbey?,Aldrich,Simon Peter,0,train_bd456bcf_d1_q2,0.0,0,,,-0.0,,,,
train_be0bc894_d1,1,train_be0bc894_d1_t1,"The single, ""Listen"" was featured in which movie?",Dreamgirls,The Devil Wears Prada,0,train_be0bc894_d1_q1,0.0,0,,,-0.0,,,,
train_cf239ac4_d1,1,train_cf239ac4_d1_t1,"Based on genetic testing, what has been suggested about the origin of the potato?",single,South America,0,train_cf239ac4_d1_q1,0.0,0,,,0.5028257339473713,,,,
train_d4fa2ca7_d1,1,train_d4fa2ca7_d1_t1,When is the typical lenght  for bacteria?,few micrometres,1-5 micrometers,0,train_d4fa2ca7_d1_q1,0.0,0,,,0.7564220239778424,,,,
train_d8e4d930_d1,1,train_d8e4d930_d1_t1,Some cultures attempt to regulate what emotion in boys?,fear,Anger,0,train_d8e4d930_d1_q1,0.0,0,,,1.7583266436965361,,,,
train_da390d97_d1,2,train_da390d97_d1_t2,When did enantiornithes become extinct?,end of the Mesozoic era,66 million years ago,0,train_da390d97_d1_q2,0.0,0,,,-0.0,,,,
train_e1cd3531_d1,4,train_e1cd3531_d1_t4,(Reask) What does HIma mean in Sanskirt?,snow,snow,1,train_e1cd3531_d1_q2,1.0,1,,,1.35808129031065,,,,
train_e35cecc8_d1,2,train_e35cecc8_d1_t2,What metric indicates a lights ability to make object appear natural?,CRI,Lux,0,train_e35cecc8_d1_q2,0.0,0,,,1.3594115821261492,,,,
train_edd8465e_d1,4,train_edd8465e_d1_t4,(Reask) What group of schools did Columbia University belong to?,Ivy League,Ivy League,1,train_edd8465e_d1_q3,1.0,1,,,2.2319289786406187,,,,
train_f6cc8f58_d1,4,train_f6cc8f58_d1_t4,What is Italian Unification?,social movement that annexed different states of the Italian peninsula into the single state of Italy,Italian Unification refers to the process by which the various Italian states were united into a single nation-state in 1870.,0,train_f6cc8f58_d1_q4,0.2580645161290323,0,,,0.18485327969053902,,,,
train_f9d50093_d1,5,train_f9d50093_d1_t5,(Reask) What are some other major wrestling companies?,"Total Nonstop Action Wrestling (TNA) and Ring of Honor (ROH), Consejo Mundial de Lucha Libre (CMLL) and Asistencia Asesoría y Administración (AAA)","WWE, AEW, Impact Wrestling, ROH, NXT, NJPW, MLW, ECW, AAA, CMLL.",1,train_f9d50093_d1_q4,0.24242424242424246,0,,,0.6072760173990499,,,,
validation_7014466d_d1,4,validation_7014466d_d1_t4,What is KMJ now referred to?,NBC affiliate KSEE,KMJ2,0,validation_7014466d_d1_q4,0.0,0,,,0.8624883034548958,,,,
validation_84fddccf_d1,1,validation_84fddccf_d1_t1,Why are people who distribute leaflets inside courthouses not been arrested?,the leaflets will have to be given to the leafleter's own jury as evidence,They are not breaking any laws.,0,validation_84fddccf_d1_q1,0.0,0,,,1.6153220691299581,,,,
validation_c3d6634f_d1,5,validation_c3d6634f_d1_t5,What might cause a higher student interest in learning the presented subject?,Teacher enthusiasm,Relevance and practicality of the subject to their future career or personal life.,0,validation_c3d6634f_d1_q4,0.0,0,,,0.009144743673807652,,,,
validation_ce7350dd_d1,3,validation_ce7350dd_d1_t3,What did Luther explain about acquiring God's grace?,cannot be earned,Justification by faith alone.,0,validation_ce7350dd_d1_q3,0.0,0,,,1.3524771493733576,,,,
